Enter password: ****
Welcome to the MySQL monitor.  Commands end with ; or \g.
Your MySQL connection id is 750
Server version: 8.0.30 MySQL Community Server - GPL

Copyright (c) 2000, 2022, Oracle and/or its affiliates.

Oracle is a registered trademark of Oracle Corporation and/or its
affiliates. Other names may be trademarks of their respective
owners.

Type 'help;' or '\h' for help. Type '\c' to clear the current input statement.

mysql> create database project;
ERROR 1007 (HY000): Can't create database 'project'; database exists
mysql> use project;
Database changed
mysql> select * from patient;
+------------+--------------+----------------+-------------+--------------------+-----------------+
| patient_id | patient_name | patient_gender | patient_age | patient_bloodgroup | patient_address |
+------------+--------------+----------------+-------------+--------------------+-----------------+
|          0 | harry        | female         |          22 | A+                 | saswad          |
|          1 | Ravina       | female         |          22 | A+                 | saswad          |
+------------+--------------+----------------+-------------+--------------------+-----------------+
2 rows in set (0.00 sec)

mysql> select * from patient;
+------------+--------------+----------------+-------------+--------------------+-----------------+
| patient_id | patient_name | patient_gender | patient_age | patient_bloodgroup | patient_address |
+------------+--------------+----------------+-------------+--------------------+-----------------+
|          0 | harry        | female         |          22 | A+                 | saswad          |
+------------+--------------+----------------+-------------+--------------------+-----------------+
1 row in set (0.00 sec)

mysql> select * from patient;
+------------+--------------+----------------+-------------+--------------------+-----------------+
| patient_id | patient_name | patient_gender | patient_age | patient_bloodgroup | patient_address |
+------------+--------------+----------------+-------------+--------------------+-----------------+
|          0 | harry        | female         |          22 | A+                 | saswad          |
|          1 | Ravina       | female         |          22 | A+                 | saswad          |
+------------+--------------+----------------+-------------+--------------------+-----------------+
2 rows in set (0.00 sec)